course_id,code,title,units,bucket,prereqs,coreqs,repeatable
ACCT 1011,ACCT 1011,,3,Elective,[],[],False
ACCT 1012,ACCT 1012,,3,Elective,[],[],False
ACCT 2203,ACCT 2203,,3,Elective,[],[],False
ACCT 2204,ACCT 2204,,3,Elective,[],[],False
ACCT 2265,ACCT 2265,,3,Elective,[],[],False
ACCT 2980,ACCT 2980,,1,Elective,[],[],False
ACCT 3320,ACCT 3320,,3,Elective,[],[],False
ACCT 3330,ACCT 3330,,3,Elective,[],[],False
ACCT 3343,ACCT 3343,,3,Elective,[],[],False
ACCT 3980,ACCT 3980,,3,Elective,[],[],False
ACCT 4310,ACCT 4310,,3,Elective,[],[],False
ACCT 6500,ACCT 6500,,3,Elective,[],[],False
ACCT 6515,ACCT 6515,,3,Elective,[],[],False
ACCT 6570,ACCT 6570,,3,Elective,[],[],False
ACCT 6585,ACCT 6585,,3,Elective,[],[],False
ACCT 6970,ACCT 6970,,3,Elective,[],[],False
AETH 2262,AETH 2262,,3,Elective,[],[],False
AETH 2265,AETH 2265,,3,Elective,[],[],False
AETH 2281,AETH 2281,,3,Elective,[],[],False
AETH 2284,AETH 2284,,3,Elective,[],[],False
AETH 2285,AETH 2285,,3,Elective,[],[],False
AETH 2291,AETH 2291,,3,Elective,[],[],False
AETH 2295,AETH 2295,,3,Elective,[],[],False
AHST 1003,AHST 1003,,3,Elective,[],[],False
AHST 1004,AHST 1004,,3,Elective,[],[],False
AHST 1006,AHST 1006,,3,Elective,[],[],False
AHST 1110,AHST 1110,,3,Elective,[],[],False
AHST 1112,AHST 1112,,3,Elective,[],[],False
AHST 1131,AHST 1131,,3,Elective,[],[],False
AHST 2250,AHST 2250,,3,Elective,[],[],False
AHST 2296,AHST 2296,,3,Elective,[],[],False
AHST 3980,AHST 3980,,0,Elective,[],[],False
AHST 3990,AHST 3990,,0,Elective,[],[],False
AMED 1060,AMED 1060,,3,Elective,[],[],False
AMED 1070,AMED 1070,,3,Elective,[],[],False
AMED 1115,AMED 1115,,3,Elective,[],[],False
AMST 2201,AMST 2201,,3,Elective,[],[],False
AMST 3990,AMST 3990,,3,Elective,[],[],False
AMST 5999,AMST 5999,,3,Elective,[],[],False
ANTH 1100,ANTH 1100,,3,Elective,[],[],False
ANTH 1110,ANTH 1110,,3,Elective,[],[],False
ANTH 1116,ANTH 1116,,3,Elective,[],[],False
ANTH 1125,ANTH 1125,,3,Elective,[],[],False
ANTH 1200,ANTH 1200,,3,Elective,[],[],False
ANTH 1210,ANTH 1210,,3,Elective,[],[],False
ANTH 1510,ANTH 1510,,3,Elective,[],[],False
ARBC 1110,ARBC 1110,,3,Elective,[],[],False
ARSC 2980,ARSC 2980,,0,Elective,[],[],False
ASST 4999,ASST 4999,,3,Elective,[],[],False
BIEG 3201,BIEG 3201,,3,Elective,[],[],False
BIEG 3331,BIEG 3331,,3,Elective,[],[],False
BIEG 3335,BIEG 3335,,3,Elective,[],[],False
BIEG 4350,BIEG 4350,,3,Elective,[],[],False
BIEG 4387,BIEG 4387,,3,Elective,[],[],False
BIEG 5335,BIEG 5335,,3,Elective,[],[],False
BIEG 5350,BIEG 5350,,3,Elective,[],[],False
BIEG 5387,BIEG 5387,,3,Elective,[],[],False
BIEG 5415,BIEG 5415,,3,Elective,[],[],False
BIEG 6971,BIEG 6971,,3,Elective,[],[],False
BIOL 1015,BIOL 1015,,3,Elective,[],[],False
BIOL 1018,BIOL 1018,,3,Elective,[],[],False
BIOL 1030,BIOL 1030,,3,Elective,[],[],False
BIOL 1076,BIOL 1076,,3,Elective,[],[],False
BIOL 1078,BIOL 1078,,3,Elective,[],[],False
BIOL 1088,BIOL 1088,,3,Elective,[],[],False
BIOL 1107L,BIOL 1107L,,0,Elective,[],[],False
BIOL 1107,BIOL 1107,,4,Elective,[],[],False
BIOL 1151L,BIOL 1151L,,0,Elective,[],[],False
BIOL 1151,BIOL 1151,,4,Elective,[],[],False
BIOL 1171L,BIOL 1171L,,0,Elective,[],[],False
BIOL 1171P,BIOL 1171P,,0,Elective,[],[],False
BIOL 1171,BIOL 1171,,4,Elective,[],[],False
BIOL 1173L,BIOL 1173L,,0,Elective,[],[],False
BIOL 1173,BIOL 1173,,4,Elective,[],[],False
BIOL 2261L,BIOL 2261L,,0,Elective,[],[],False
BIOL 2261,BIOL 2261,,4,Elective,[],[],False
BIOL 2262L,BIOL 2262L,,0,Elective,[],[],False
BIOL 2262,BIOL 2262,,4,Elective,[],[],False
BIOL 2951,BIOL 2951,,1,Elective,[],[],False
BIOL 2952,BIOL 2952,,1,Elective,[],[],False
BIOL 2953,BIOL 2953,,1,Elective,[],[],False
BIOL 2954,BIOL 2954,,1,Elective,[],[],False
BIOL 2955,BIOL 2955,,1,Elective,[],[],False
BIOL 2956,BIOL 2956,,1,Elective,[],[],False
BIOL 3323L,BIOL 3323L,,1,Elective,[],[],False
BIOL 3324,BIOL 3324,,3,Elective,[],[],False
BIOL 3352L,BIOL 3352L,,0,Elective,[],[],False
BIOL 3352,BIOL 3352,,4,Elective,[],[],False
BIOL 3354,BIOL 3354,,3,Elective,[],[],False
BIOL 3362L,BIOL 3362L,,0,Elective,[],[],False
BIOL 3362,BIOL 3362,,4,Elective,[],[],False
BIOL 4971,BIOL 4971,,0,Elective,[],[],False
BIOL 4972,BIOL 4972,,0,Elective,[],[],False
BIOL 4973,BIOL 4973,,0,Elective,[],[],False
BIOL 4974,BIOL 4974,,0,Elective,[],[],False
BIOL 4975,BIOL 4975,,0,Elective,[],[],False
BIOL 4976,BIOL 4976,,0,Elective,[],[],False
BIOL 4981,BIOL 4981,,0,Elective,[],[],False
BIOL 4999I,BIOL 4999I,,3,Elective,[],[],False
BIOL 4999K,BIOL 4999K,,3,Elective,[],[],False
BIOL 4999M,BIOL 4999M,,3,Elective,[],[],False
BUSN 1101,BUSN 1101,,3,Elective,[],[],False
BUSN 2980,BUSN 2980,,1,Elective,[],[],False
BUSN 3211,BUSN 3211,,3,Elective,[],[],False
BUSN 3215,BUSN 3215,,3,Elective,[],[],False
BUSN 3980,BUSN 3980,,3,Elective,[],[],False
BUSN 4320,BUSN 4320,,3,Elective,[],[],False
BUSN 6980,BUSN 6980,,0,Elective,[],[],False
BUSN 7100,BUSN 7100,,3,Elective,[],[],False
BUSN 7500,BUSN 7500,,3,Elective,[],[],False
BUSN 7550,BUSN 7550,,3,Elective,[],[],False
BUSN 7710,BUSN 7710,,3,Elective,[],[],False
CHEM 1033,CHEM 1033,,3,Elective,[],[],False
CHEM 1076,CHEM 1076,,3,Elective,[],[],False
CHEM 1077,CHEM 1077,,3,Elective,[],[],False
CHEM 1085,CHEM 1085,,3,Elective,[],[],False
CHEM 1086,CHEM 1086,,3,Elective,[],[],False
CHEM 1087,CHEM 1087,,3,Elective,[],[],False
CHEM 1171L,CHEM 1171L,,1,Elective,[],[],False
CHEM 1171,CHEM 1171,,3,Elective,[],[],False
CHEM 1184L,CHEM 1184L,,1,Elective,[],[],False
CHEM 1184,CHEM 1184,,0,Elective,[],[],False
CHEM 2271L,CHEM 2271L,,1,Elective,[],[],False
CHEM 2271,CHEM 2271,,3,Elective,[],[],False
CHEM 3311,CHEM 3311,,3,Elective,[],[],False
CHEM 3323L,CHEM 3323L,,1,Elective,[],[],False
CHEM 3324,CHEM 3324,,3,Elective,[],[],False
CHEM 3326,CHEM 3326,,3,Elective,[],[],False
CHEM 3341L,CHEM 3341L,,2,Elective,[],[],False
CHEM 3341,CHEM 3341,,3,Elective,[],[],False
CHEM 3361L,CHEM 3361L,,1,Elective,[],[],False
CHEM 3361,CHEM 3361,,3,Elective,[],[],False
CHEM 4971,CHEM 4971,,0,Elective,[],[],False
CHEM 4972,CHEM 4972,,0,Elective,[],[],False
CHEM 4973,CHEM 4973,,0,Elective,[],[],False
CHEM 4974,CHEM 4974,,0,Elective,[],[],False
CHEM 4975,CHEM 4975,,0,Elective,[],[],False
CHEM 4976,CHEM 4976,,0,Elective,[],[],False
CHIN 1110,CHIN 1110,,3,Elective,[],[],False
CHIN 2210,CHIN 2210,,3,Elective,[],[],False
COMM 1100,COMM 1100,,3,Elective,[],[],False
COMM 1101,COMM 1101,,3,Elective,[],[],False
COMM 1102,COMM 1102,,3,Elective,[],[],False
COMM 1108,COMM 1108,,3,Elective,[],[],False
COMM 1130,COMM 1130,,3,Elective,[],[],False
COMM 1232,COMM 1232,,3,Elective,[],[],False
COMM 2200,COMM 2200,,3,Elective,[],[],False
COMM 2201,COMM 2201,,3,Elective,[],[],False
COMM 2202,COMM 2202,,3,Elective,[],[],False
COMM 2205,COMM 2205,,3,Elective,[],[],False
COMM 2220,COMM 2220,,3,Elective,[],[],False
COMM 2231,COMM 2231,,3,Elective,[],[],False
COMM 2236,COMM 2236,,3,Elective,[],[],False
COMM 2237,COMM 2237,,3,Elective,[],[],False
COMM 2238,COMM 2238,,3,Elective,[],[],False
COMM 2246,COMM 2246,,3,Elective,[],[],False
COMM 2299,COMM 2299,,3,Elective,[],[],False
COMM 3324,COMM 3324,,3,Elective,[],[],False
COMM 3333,COMM 3333,,3,Elective,[],[],False
COMM 3347,COMM 3347,,3,Elective,[],[],False
COMM 3351,COMM 3351,,3,Elective,[],[],False
COMM 4330,COMM 4330,,3,Elective,[],[],False
COMM 4900,COMM 4900,,3,Elective,[],[],False
COMM 4980,COMM 4980,,0,Elective,[],[],False
COMM 4999,COMM 4999,,3,Elective,[],[],False
COMM 5547,COMM 5547,,3,Elective,[],[],False
COUN 5433,COUN 5433,,3,Elective,[],[],False
COUN 5447,COUN 5447,,3,Elective,[],[],False
COUN 5457,COUN 5457,,3,Elective,[],[],False
COUN 5468,COUN 5468,,3,Elective,[],[],False
COUN 5501,COUN 5501,,3,Elective,[],[],False
COUN 5531,COUN 5531,,3,Elective,[],[],False
COUN 5553,COUN 5553,,3,Elective,[],[],False
COUN 5900,COUN 5900,,0,Elective,[],[],False
COUN 6250,COUN 6250,,3,Elective,[],[],False
COUN 6455,COUN 6455,,3,Elective,[],[],False
COUN 6467,COUN 6467,,3,Elective,[],[],False
COUN 6553,COUN 6553,,3,Elective,[],[],False
COUN 6568,COUN 6568,,3,Elective,[],[],False
COUN 6950,COUN 6950,,3,Elective,[],[],False
COUN 6981,COUN 6981,,3,Elective,[],[],False
COUN 6982,COUN 6982,,3,Elective,[],[],False
COUN 6983,COUN 6983,,3,Elective,[],[],False
COUN 6984,COUN 6984,,3,Elective,[],[],False
COUN 6999C,COUN 6999C,,0,Elective,[],[],False
COUN 6999S,COUN 6999S,,0,Elective,[],[],False
CPEG 2245L,CPEG 2245L,,1,Elective,[],[],False
CPEG 2245,CPEG 2245,,3,Elective,[],[],False
CPEG 3246,CPEG 3246,,3,Elective,[],[],False
CPEG 3331,CPEG 3331,,3,Elective,[],[],False
CPEG 3346,CPEG 3346,,3,Elective,[],[],False
CPSC 1101,CPSC 1101,,3,Elective,[],[],False
CPSC 1131,CPSC 1131,,3,Elective,[],[],False
CPSC 2231L,CPSC 2231L,,1,Elective,[],[],False
CPSC 2231,CPSC 2231,,3,Elective,[],[],False
CPSC 2250L,CPSC 2250L,,1,Elective,[],[],False
CPSC 2304,CPSC 2304,,3,Elective,[],[],False
CPSC 3343,CPSC 3343,,3,Elective,[],[],False
CPSC 3351L,CPSC 3351L,,1,Elective,[],[],False
CPSC 4314,CPSC 4314,,3,Elective,[],[],False
CPSC 4331,CPSC 4331,,3,Elective,[],[],False
CPSC 4350,CPSC 4350,,3,Elective,[],[],False
CPSC 4355,CPSC 4355,,3,Elective,[],[],False
CPSC 4357,CPSC 4357,,3,Elective,[],[],False
CPSC 4360,CPSC 4360,,3,Elective,[],[],False
DATA 1101L,DATA 1101L,,0,Elective,[],[],False
DATA 1101,DATA 1101,,3,Elective,[],[],False
DATA 2000,DATA 2000,,3,Elective,[],[],False
DATA 2980,DATA 2980,,1,Elective,[],[],False
DATA 3210,DATA 3210,,3,Elective,[],[],False
DATA 3260,DATA 3260,,3,Elective,[],[],False
DATA 3335,DATA 3335,,3,Elective,[],[],False
DATA 3980,DATA 3980,,3,Elective,[],[],False
DATA 4310,DATA 4310,,3,Elective,[],[],False
DATA 4315,DATA 4315,,3,Elective,[],[],False
DATA 5400,DATA 5400,,3,Elective,[],[],False
DATA 5405,DATA 5405,,3,Elective,[],[],False
DATA 6100,DATA 6100,,3,Elective,[],[],False
DATA 6500,DATA 6500,,3,Elective,[],[],False
DATA 6505,DATA 6505,,3,Elective,[],[],False
DATA 6510,DATA 6510,,3,Elective,[],[],False
DATA 6520,DATA 6520,,3,Elective,[],[],False
DATA 6530,DATA 6530,,3,Elective,[],[],False
DATA 6540,DATA 6540,,3,Elective,[],[],False
DATA 6560,DATA 6560,,3,Elective,[],[],False
DATA 6570,DATA 6570,,3,Elective,[],[],False
DATA 6999,DATA 6999,,3,Elective,[],[],False
DJOU 1860,DJOU 1860,,3,Elective,[],[],False
DJOU 1870,DJOU 1870,,3,Elective,[],[],False
DJOU 1872,DJOU 1872,,3,Elective,[],[],False
DJOU 2370,DJOU 2370,,3,Elective,[],[],False
DJOU 3340,DJOU 3340,,3,Elective,[],[],False
ECEG 5331,ECEG 5331,,3,Elective,[],[],False
ECEG 5346,ECEG 5346,,3,Elective,[],[],False
ECEG 5348L,ECEG 5348L,,1,Elective,[],[],False
ECEG 5348,ECEG 5348,,3,Elective,[],[],False
ECEG 5406,ECEG 5406,,3,Elective,[],[],False
ECEG 5415,ECEG 5415,,3,Elective,[],[],False
ECEG 5505,ECEG 5505,,3,Elective,[],[],False
ECEG 5990,ECEG 5990,,0,Elective,[],[],False
ECEG 6971,ECEG 6971,,3,Elective,[],[],False
ECEG 6972,ECEG 6972,,3,Elective,[],[],False
ECON 1011,ECON 1011,,3,Elective,[],[],False
ECON 1012,ECON 1012,,3,Elective,[],[],False
ECON 2980,ECON 2980,,1,Elective,[],[],False
ECON 3204,ECON 3204,,3,Elective,[],[],False
ECON 3210,ECON 3210,,3,Elective,[],[],False
ECON 3224,ECON 3224,,3,Elective,[],[],False
ECON 3233,ECON 3233,,3,Elective,[],[],False
ECON 3236,ECON 3236,,3,Elective,[],[],False
ECON 3237,ECON 3237,,3,Elective,[],[],False
ECON 3980,ECON 3980,,3,Elective,[],[],False
ECON 4310,ECON 4310,,3,Elective,[],[],False
ECON 6560,ECON 6560,,3,Elective,[],[],False
EDDL 7005,EDDL 7005,,3,Elective,[],[],False
EDDL 7015,EDDL 7015,,3,Elective,[],[],False
EDDL 7040,EDDL 7040,,3,Elective,[],[],False
EDDL 7050,EDDL 7050,,3,Elective,[],[],False
EDDL 7055,EDDL 7055,,3,Elective,[],[],False
EDDL 7090,EDDL 7090,,3,Elective,[],[],False
EDDL 7105,EDDL 7105,,1,Elective,[],[],False
EDLV 9999,EDLV 9999,,0,Elective,[],[],False
EDTC 4301,EDTC 4301,,3,Elective,[],[],False
EDTC 4305,EDTC 4305,,3,Elective,[],[],False
EDTC 4317,EDTC 4317,,3,Elective,[],[],False
EDTC 5305,EDTC 5305,,3,Elective,[],[],False
EDTC 5317,EDTC 5317,,3,Elective,[],[],False
EDTC 5401,EDTC 5401,,3,Elective,[],[],False
EDTC 6501,EDTC 6501,,3,Elective,[],[],False
EDTC 6503,EDTC 6503,,3,Elective,[],[],False
EDUC 2201,EDUC 2201,,3,Elective,[],[],False
EDUC 2329,EDUC 2329,,3,Elective,[],[],False
EDUC 2341,EDUC 2341,,3,Elective,[],[],False
EDUC 3241,EDUC 3241,,3,Elective,[],[],False
EDUC 3350,EDUC 3350,,3,Elective,[],[],False
EDUC 4437,EDUC 4437,,3,Elective,[],[],False
EDUC 4447,EDUC 4447,,3,Elective,[],[],False
EDUC 5410,EDUC 5410,,3,Elective,[],[],False
EDUC 5411,EDUC 5411,,3,Elective,[],[],False
EDUC 5429,EDUC 5429,,3,Elective,[],[],False
EDUC 5437,EDUC 5437,,3,Elective,[],[],False
EDUC 5441,EDUC 5441,,3,Elective,[],[],False
EDUC 5442,EDUC 5442,,3,Elective,[],[],False
EDUC 5447,EDUC 5447,,3,Elective,[],[],False
EDUC 5462,EDUC 5462,,3,Elective,[],[],False
EDUC 5463,EDUC 5463,,3,Elective,[],[],False
EDUC 5464,EDUC 5464,,3,Elective,[],[],False
EDUC 5466,EDUC 5466,,3,Elective,[],[],False
EDUC 5468,EDUC 5468,,3,Elective,[],[],False
EDUC 5497,EDUC 5497,,3,Elective,[],[],False
EDUC 5981,EDUC 5981,,1,Elective,[],[],False
EDUC 6545,EDUC 6545,,3,Elective,[],[],False
EDUC 6573,EDUC 6573,,3,Elective,[],[],False
EDUC 6580,EDUC 6580,,3,Elective,[],[],False
EDUC 6583,EDUC 6583,,0,Elective,[],[],False
EDUC 6584,EDUC 6584,,3,Elective,[],[],False
EDUC 6598,EDUC 6598,,0,Elective,[],[],False
ELEG 2213L,ELEG 2213L,,1,Elective,[],[],False
ELEG 2213,ELEG 2213,,3,Elective,[],[],False
ELEG 3231L,ELEG 3231L,,1,Elective,[],[],False
ELEG 3231,ELEG 3231,,3,Elective,[],[],False
ELEG 3301,ELEG 3301,,3,Elective,[],[],False
ELEG 3348L,ELEG 3348L,,1,Elective,[],[],False
ELEG 3348,ELEG 3348,,3,Elective,[],[],False
ELEG 4360,ELEG 4360,,3,Elective,[],[],False
ENGL 1001,ENGL 1001,,3,Elective,[],[],False
ENGL 1010,ENGL 1010,,3,Elective,[],[],False
ENGL 1020,ENGL 1020,,3,Elective,[],[],False
ENGL 1030,ENGL 1030,,3,Elective,[],[],False
ENGL 1040,ENGL 1040,,3,Elective,[],[],False
ENGL 1060,ENGL 1060,,3,Elective,[],[],False
ENGL 1070,ENGL 1070,,3,Elective,[],[],False
ENGL 1110,ENGL 1110,,3,Elective,[],[],False
ENGL 1220,ENGL 1220,,3,Elective,[],[],False
ENGL 1230,ENGL 1230,,3,Elective,[],[],False
ENGL 1240,ENGL 1240,,3,Elective,[],[],False
ENGL 1245,ENGL 1245,,3,Elective,[],[],False
ENGL 1260,ENGL 1260,,3,Elective,[],[],False
ENGL 1290,ENGL 1290,,3,Elective,[],[],False
ENGL 1300,ENGL 1300,,3,Elective,[],[],False
ENGL 1340,ENGL 1340,,3,Elective,[],[],False
ENGL 1350,ENGL 1350,,3,Elective,[],[],False
ENGL 1410,ENGL 1410,,3,Elective,[],[],False
ENGL 1610,ENGL 1610,,3,Elective,[],[],False
ENGL 1700,ENGL 1700,,3,Elective,[],[],False
ENGL 1720,ENGL 1720,,3,Elective,[],[],False
ENGL 1730,ENGL 1730,,3,Elective,[],[],False
ENGL 1802,ENGL 1802,,3,Elective,[],[],False
ENGL 1805,ENGL 1805,,3,Elective,[],[],False
ENGL 1806,ENGL 1806,,3,Elective,[],[],False
ENGL 1832,ENGL 1832,,3,Elective,[],[],False
ENGL 2001,ENGL 2001,,3,Elective,[],[],False
ENGL 2004,ENGL 2004,,3,Elective,[],[],False
ENGL 2013,ENGL 2013,,3,Elective,[],[],False
ENGL 2033,ENGL 2033,,3,Elective,[],[],False
ENGL 2290,ENGL 2290,,3,Elective,[],[],False
ENGL 3073,ENGL 3073,,3,Elective,[],[],False
ENGL 3075,ENGL 3075,,3,Elective,[],[],False
ENGL 3140,ENGL 3140,,3,Elective,[],[],False
ENGL 3310,ENGL 3310,,3,Elective,[],[],False
ENGL 3315,ENGL 3315,,3,Elective,[],[],False
ENGL 4980,ENGL 4980,,0,Elective,[],[],False
ENGL 5441,ENGL 5441,,0,Elective,[],[],False
ENGL 5442,ENGL 5442,,0,Elective,[],[],False
ENGL 5443,ENGL 5443,,0,Elective,[],[],False
ENGL 5444,ENGL 5444,,0,Elective,[],[],False
ENGL 5445,ENGL 5445,,0,Elective,[],[],False
ENGL 5446,ENGL 5446,,0,Elective,[],[],False
ENGL 5991,ENGL 5991,,0,Elective,[],[],False
ENGL 5992,ENGL 5992,,0,Elective,[],[],False
ENGL 5993,ENGL 5993,,0,Elective,[],[],False
ENGL 5994,ENGL 5994,,0,Elective,[],[],False
ENGR 1031,ENGR 1031,,3,Elective,[],[],False
ENGR 4305,ENGR 4305,,3,Elective,[],[],False
ENGR 4415,ENGR 4415,,3,Elective,[],[],False
ENGR 4961,ENGR 4961,,3,Elective,[],[],False
ENGR 4980,ENGR 4980,,0,Elective,[],[],False
ENGR 4990,ENGR 4990,,0,Elective,[],[],False
ENGR 5980,ENGR 5980,,0,Elective,[],[],False
EVST 3980,EVST 3980,,0,Elective,[],[],False
FNCE 2101,FNCE 2101,,3,Elective,[],[],False
FNCE 2190,FNCE 2190,,3,Elective,[],[],False
FNCE 2980,FNCE 2980,,1,Elective,[],[],False
FNCE 3200,FNCE 3200,,3,Elective,[],[],False
FNCE 3210,FNCE 3210,,3,Elective,[],[],False
FNCE 3215,FNCE 3215,,3,Elective,[],[],False
FNCE 3235,FNCE 3235,,3,Elective,[],[],False
FNCE 3340,FNCE 3340,,3,Elective,[],[],False
FNCE 3980,FNCE 3980,,3,Elective,[],[],False
FNCE 4240,FNCE 4240,,3,Elective,[],[],False
FNCE 4300,FNCE 4300,,3,Elective,[],[],False
FNCE 4305,FNCE 4305,,3,Elective,[],[],False
FNCE 4315,FNCE 4315,,3,Elective,[],[],False
FNCE 4320,FNCE 4320,,3,Elective,[],[],False
FNCE 4325,FNCE 4325,,3,Elective,[],[],False
FNCE 4390,FNCE 4390,,3,Elective,[],[],False
FNCE 5400,FNCE 5400,,3,Elective,[],[],False
FNCE 6500,FNCE 6500,,3,Elective,[],[],False
FNCE 6530,FNCE 6530,,3,Elective,[],[],False
FNCE 6540,FNCE 6540,,3,Elective,[],[],False
FNCE 6560,FNCE 6560,,3,Elective,[],[],False
FNCE 6565,FNCE 6565,,3,Elective,[],[],False
FNCE 6900,FNCE 6900,,3,Elective,[],[],False
FNCE 6991,FNCE 6991,,3,Elective,[],[],False
FREN 1110,FREN 1110,,3,Elective,[],[],False
FREN 1111,FREN 1111,,3,Elective,[],[],False
FREN 2210,FREN 2210,,3,Elective,[],[],False
FREN 2211,FREN 2211,,3,Elective,[],[],False
FREN 2219,FREN 2219,,3,Elective,[],[],False
FREN 4302,FREN 4302,,3,Elective,[],[],False
FTMA 1010,FTMA 1010,,3,Elective,[],[],False
FTMA 1011,FTMA 1011,,3,Elective,[],[],False
FTMA 1103,FTMA 1103,,3,Elective,[],[],False
FTMA 1120,FTMA 1120,,3,Elective,[],[],False
FTMA 1122,FTMA 1122,,3,Elective,[],[],False
FTMA 1137,FTMA 1137,,3,Elective,[],[],False
FTMA 1150,FTMA 1150,,3,Elective,[],[],False
FTMA 1950,FTMA 1950,,1,Elective,[],[],False
FTMA 2201,FTMA 2201,,3,Elective,[],[],False
FTMA 2231,FTMA 2231,,3,Elective,[],[],False
FTMA 2240,FTMA 2240,,3,Elective,[],[],False
FTMA 2245,FTMA 2245,,3,Elective,[],[],False
FTMA 3980,FTMA 3980,,0,Elective,[],[],False
FTMA 3990,FTMA 3990,,0,Elective,[],[],False
FTMA 4999,FTMA 4999,,3,Elective,[],[],False
FYEX 1001,FYEX 1001,,0,Elective,[],[],False
FYEX 1002,FYEX 1002,,0,Elective,[],[],False
FYEX 1003,FYEX 1003,,0,Elective,[],[],False
FYEX 1004,FYEX 1004,,0,Elective,[],[],False
FYEX 1005,FYEX 1005,,0,Elective,[],[],False
FYEX 1006,FYEX 1006,,0,Elective,[],[],False
FYEX 1007,FYEX 1007,,0,Elective,[],[],False
FYEX 1008,FYEX 1008,,0,Elective,[],[],False
FYEX 1009,FYEX 1009,,0,Elective,[],[],False
FYEX 1010,FYEX 1010,,0,Elective,[],[],False
FYEX 1011,FYEX 1011,,0,Elective,[],[],False
FYEX 1012,FYEX 1012,,0,Elective,[],[],False
GDSN 3201,GDSN 3201,,3,Elective,[],[],False
GRMN 1110,GRMN 1110,,3,Elective,[],[],False
GRMN 2210,GRMN 2210,,3,Elective,[],[],False
GRMN 2220,GRMN 2220,,3,Elective,[],[],False
HCAD 6100,HCAD 6100,,3,Elective,[],[],False
HCAD 6999,HCAD 6999,,4,Elective,[],[],False
HIST 1100,HIST 1100,,3,Elective,[],[],False
HIST 1102,HIST 1102,,3,Elective,[],[],False
HIST 1104,HIST 1104,,3,Elective,[],[],False
HIST 1105,HIST 1105,,3,Elective,[],[],False
HIST 1106,HIST 1106,,3,Elective,[],[],False
HIST 1107,HIST 1107,,3,Elective,[],[],False
HIST 1146,HIST 1146,,3,Elective,[],[],False
HIST 1188,HIST 1188,,3,Elective,[],[],False
HIST 2215,HIST 2215,,3,Elective,[],[],False
HIST 2223,HIST 2223,,3,Elective,[],[],False
HIST 2253,HIST 2253,,3,Elective,[],[],False
HIST 2264,HIST 2264,,3,Elective,[],[],False
HIST 2274,HIST 2274,,3,Elective,[],[],False
HIST 2278,HIST 2278,,3,Elective,[],[],False
HIST 3313,HIST 3313,,3,Elective,[],[],False
HIST 3385,HIST 3385,,3,Elective,[],[],False
HIST 3990,HIST 3990,,0,Elective,[],[],False
HLST 1101,HLST 1101,,3,Elective,[],[],False
HLST 3310,HLST 3310,,3,Elective,[],[],False
HLST 4999,HLST 4999,,3,Elective,[],[],False
HONR 1101,HONR 1101,,3,Elective,[],[],False
HONR 2202,HONR 2202,,3,Elective,[],[],False
HONR 4998,HONR 4998,,1,Elective,[],[],False
HONR 4999,HONR 4999,,1,Elective,[],[],False
HUMN 3210,HUMN 3210,,3,Elective,[],[],False
IDSN 5405,IDSN 5405,,3,Elective,[],[],False
IDSN 5409,IDSN 5409,,3,Elective,[],[],False
IDSN 5410,IDSN 5410,,3,Elective,[],[],False
IDSN 5411,IDSN 5411,,3,Elective,[],[],False
IDSN 5413,IDSN 5413,,3,Elective,[],[],False
IDSN 6509,IDSN 6509,,3,Elective,[],[],False
IDSN 6512,IDSN 6512,,3,Elective,[],[],False
IDSN 6513,IDSN 6513,,3,Elective,[],[],False
IDSN 6514,IDSN 6514,,3,Elective,[],[],False
IDSN 6515,IDSN 6515,,3,Elective,[],[],False
IDSN 6520,IDSN 6520,,3,Elective,[],[],False
IDSN 6521,IDSN 6521,,1,Elective,[],[],False
INTL 1050,INTL 1050,,3,Elective,[],[],False
INTL 1051,INTL 1051,,3,Elective,[],[],False
INTL 1052,INTL 1052,,3,Elective,[],[],False
INTL 1053,INTL 1053,,3,Elective,[],[],False
INTL 2101,INTL 2101,,3,Elective,[],[],False
INTL 2201,INTL 2201,,3,Elective,[],[],False
INTL 4999,INTL 4999,,3,Elective,[],[],False
ITLN 1110,ITLN 1110,,3,Elective,[],[],False
ITLN 1111,ITLN 1111,,3,Elective,[],[],False
ITLN 2210,ITLN 2210,,3,Elective,[],[],False
ITLN 2211,ITLN 2211,,3,Elective,[],[],False
ITLN 2291,ITLN 2291,,3,Elective,[],[],False
ITLN 3219,ITLN 3219,,3,Elective,[],[],False
ITLN 3233,ITLN 3233,,3,Elective,[],[],False
LATN 1111,LATN 1111,,4,Elective,[],[],False
LATN 2001,LATN 2001,,3,Elective,[],[],False
LBPS 4999,LBPS 4999,,0,Elective,[],[],False
MATH 1011,MATH 1011,,3,Elective,[],[],False
MATH 1015,MATH 1015,,3,Elective,[],[],False
MATH 1016,MATH 1016,,3,Elective,[],[],False
MATH 1017,MATH 1017,,3,Elective,[],[],False
MATH 1121,MATH 1121,,3,Elective,[],[],False
MATH 1122,MATH 1122,,3,Elective,[],[],False
MATH 1141,MATH 1141,,4,Elective,[],[],False
MATH 1171,MATH 1171,,4,Elective,[],[],False
MATH 1172,MATH 1172,,4,Elective,[],[],False
MATH 2217,MATH 2217,,3,Elective,[],[],False
MATH 2231,MATH 2231,,3,Elective,[],[],False
MATH 2243,MATH 2243,,4,Elective,[],[],False
MATH 2273,MATH 2273,,4,Elective,[],[],False
MATH 3317,MATH 3317,,3,Elective,[],[],False
MATH 3331,MATH 3331,,3,Elective,[],[],False
MATH 3332,MATH 3332,,3,Elective,[],[],False
MATH 3336,MATH 3336,,3,Elective,[],[],False
MATH 3351,MATH 3351,,3,Elective,[],[],False
MATH 3371,MATH 3371,,3,Elective,[],[],False
MATH 3383,MATH 3383,,3,Elective,[],[],False
MATH 4391,MATH 4391,,3,Elective,[],[],False
MATH 4980,MATH 4980,,0,Elective,[],[],False
MATH 4990,MATH 4990,,0,Elective,[],[],False
MATH 5401,MATH 5401,,3,Elective,[],[],False
MATH 5417,MATH 5417,,3,Elective,[],[],False
MATH 5471,MATH 5471,,3,Elective,[],[],False
MATH 6583,MATH 6583,,3,Elective,[],[],False
MATH 6990,MATH 6990,,3,Elective,[],[],False
MATH 6999,MATH 6999,,0,Elective,[],[],False
MEEG 2201,MEEG 2201,,3,Elective,[],[],False
MEEG 2206L,MEEG 2206L,,1,Elective,[],[],False
MEEG 2207,MEEG 2207,,3,Elective,[],[],False
MEEG 3241,MEEG 3241,,3,Elective,[],[],False
MEEG 3311,MEEG 3311,,3,Elective,[],[],False
MEEG 4310L,MEEG 4310L,,1,Elective,[],[],False
MEEG 4312,MEEG 4312,,3,Elective,[],[],False
MEEG 4325,MEEG 4325,,3,Elective,[],[],False
MEEG 4327,MEEG 4327,,3,Elective,[],[],False
MEEG 4330,MEEG 4330,,3,Elective,[],[],False
MEEG 4349,MEEG 4349,,3,Elective,[],[],False
MEEG 4350L,MEEG 4350L,,1,Elective,[],[],False
MEEG 4353,MEEG 4353,,3,Elective,[],[],False
MEEG 4372,MEEG 4372,,3,Elective,[],[],False
MEEG 4376,MEEG 4376,,3,Elective,[],[],False
MEEG 4990,MEEG 4990,,0,Elective,[],[],False
MEEG 5305,MEEG 5305,,3,Elective,[],[],False
MEEG 5310L,MEEG 5310L,,1,Elective,[],[],False
MEEG 5312,MEEG 5312,,3,Elective,[],[],False
MEEG 5327,MEEG 5327,,3,Elective,[],[],False
MEEG 5330,MEEG 5330,,3,Elective,[],[],False
MEEG 5353,MEEG 5353,,3,Elective,[],[],False
MEEG 5372,MEEG 5372,,3,Elective,[],[],False
MEEG 5376,MEEG 5376,,3,Elective,[],[],False
MEEG 5415,MEEG 5415,,3,Elective,[],[],False
MEEG 6971,MEEG 6971,,3,Elective,[],[],False
MEEG 6972,MEEG 6972,,3,Elective,[],[],False
MFTH 5433,MFTH 5433,,3,Elective,[],[],False
MFTH 5550,MFTH 5550,,3,Elective,[],[],False
MFTH 5598,MFTH 5598,,0,Elective,[],[],False
MFTH 5999G,MFTH 5999G,,3,Elective,[],[],False
MFTH 6450,MFTH 6450,,3,Elective,[],[],False
MFTH 6552,MFTH 6552,,3,Elective,[],[],False
MFTH 6553,MFTH 6553,,3,Elective,[],[],False
MFTH 6556,MFTH 6556,,3,Elective,[],[],False
MFTH 6561,MFTH 6561,,3,Elective,[],[],False
MFTH 6567,MFTH 6567,,3,Elective,[],[],False
MFTH 6951,MFTH 6951,,3,Elective,[],[],False
MFTH 6952,MFTH 6952,,3,Elective,[],[],False
MFTH 6981,MFTH 6981,,3,Elective,[],[],False
MFTH 6982,MFTH 6982,,3,Elective,[],[],False
MFTH 6983,MFTH 6983,,1,Elective,[],[],False
MGMT 2101,MGMT 2101,,3,Elective,[],[],False
MGMT 2980,MGMT 2980,,1,Elective,[],[],False
MGMT 3235,MGMT 3235,,3,Elective,[],[],False
MGMT 3240,MGMT 3240,,3,Elective,[],[],False
MGMT 3980,MGMT 3980,,3,Elective,[],[],False
MGMT 4300,MGMT 4300,,3,Elective,[],[],False
MGMT 4320,MGMT 4320,,3,Elective,[],[],False
MGMT 4330,MGMT 4330,,3,Elective,[],[],False
MGMT 4333,MGMT 4333,,3,Elective,[],[],False
MGMT 4335,MGMT 4335,,3,Elective,[],[],False
MGMT 4337,MGMT 4337,,3,Elective,[],[],False
MGMT 4350,MGMT 4350,,3,Elective,[],[],False
MGMT 4370,MGMT 4370,,3,Elective,[],[],False
MGMT 4385,MGMT 4385,,3,Elective,[],[],False
MGMT 4390,MGMT 4390,,3,Elective,[],[],False
MGMT 6500,MGMT 6500,,3,Elective,[],[],False
MGMT 6503,MGMT 6503,,3,Elective,[],[],False
MGMT 6504,MGMT 6504,,3,Elective,[],[],False
MGMT 6507,MGMT 6507,,3,Elective,[],[],False
MGMT 6508,MGMT 6508,,3,Elective,[],[],False
MGMT 6530,MGMT 6530,,3,Elective,[],[],False
MGTN 5415,MGTN 5415,,3,Elective,[],[],False
MGTN 5470,MGTN 5470,,3,Elective,[],[],False
MGTN 6961,MGTN 6961,,3,Elective,[],[],False
MGTN 6990,MGTN 6990,,0,Elective,[],[],False
MKTG 1101,MKTG 1101,,3,Elective,[],[],False
MKTG 2212,MKTG 2212,,3,Elective,[],[],False
MKTG 2231,MKTG 2231,,3,Elective,[],[],False
MKTG 2241,MKTG 2241,,3,Elective,[],[],False
MKTG 2251,MKTG 2251,,3,Elective,[],[],False
MKTG 2261,MKTG 2261,,3,Elective,[],[],False
MKTG 2311,MKTG 2311,,3,Elective,[],[],False
MKTG 2980,MKTG 2980,,1,Elective,[],[],False
MKTG 3322,MKTG 3322,,3,Elective,[],[],False
MKTG 3331,MKTG 3331,,3,Elective,[],[],False
MKTG 3341,MKTG 3341,,3,Elective,[],[],False
MKTG 3342,MKTG 3342,,3,Elective,[],[],False
MKTG 3980,MKTG 3980,,3,Elective,[],[],False
MKTG 4312,MKTG 4312,,3,Elective,[],[],False
MKTG 5400,MKTG 5400,,3,Elective,[],[],False
MKTG 6500,MKTG 6500,,3,Elective,[],[],False
MKTG 6510,MKTG 6510,,3,Elective,[],[],False
MKTG 6520,MKTG 6520,,3,Elective,[],[],False
MKTG 6535,MKTG 6535,,3,Elective,[],[],False
MKTG 6550,MKTG 6550,,3,Elective,[],[],False
MKTG 6570,MKTG 6570,,3,Elective,[],[],False
MKTG 6575,MKTG 6575,,3,Elective,[],[],False
MKTG 6583,MKTG 6583,,3,Elective,[],[],False
MKTG 6999A,MKTG 6999A,,3,Elective,[],[],False
MUSC 1101,MUSC 1101,,3,Elective,[],[],False
MUSC 1102,MUSC 1102,,3,Elective,[],[],False
MUSC 1104,MUSC 1104,,3,Elective,[],[],False
MUSC 1122,MUSC 1122,,3,Elective,[],[],False
MUSC 1126,MUSC 1126,,3,Elective,[],[],False
MUSC 1150,MUSC 1150,,3,Elective,[],[],False
MUSC 1243,MUSC 1243,,3,Elective,[],[],False
MUSC 2245,MUSC 2245,,3,Elective,[],[],False
MUSC 3916,MUSC 3916,,0,Elective,[],[],False
MUSC 3919,MUSC 3919,,0,Elective,[],[],False
MUSC 3920,MUSC 3920,,0,Elective,[],[],False
MUSC 3923,MUSC 3923,,0,Elective,[],[],False
MUSC 3925,MUSC 3925,,0,Elective,[],[],False
MUSC 3926,MUSC 3926,,0,Elective,[],[],False
MUSC 3927,MUSC 3927,,0,Elective,[],[],False
MUSC 3928,MUSC 3928,,0,Elective,[],[],False
MUSC 3951,MUSC 3951,,0,Elective,[],[],False
MUSC 3953,MUSC 3953,,0,Elective,[],[],False
MUSC 3955,MUSC 3955,,1,Elective,[],[],False
MUSC 3980,MUSC 3980,,0,Elective,[],[],False
MUSC 4998,MUSC 4998,,3,Elective,[],[],False
NSAN 7669,NSAN 7669,,4,Elective,[],[],False
NSAN 7672,NSAN 7672,,3,Elective,[],[],False
NSAN 7674L,NSAN 7674L,,0,Elective,[],[],False
NSAN 7674,NSAN 7674,,4,Elective,[],[],False
NSAN 7941,NSAN 7941,,1,Elective,[],[],False
NSAN 7953,NSAN 7953,,2,Elective,[],[],False
NSAN 7956,NSAN 7956,,3,Elective,[],[],False
NSMW 7620,NSMW 7620,,3,Elective,[],[],False
NSMW 7625,NSMW 7625,,3,Elective,[],[],False
NSMW 7951,NSMW 7951,,2,Elective,[],[],False
NSMW 7953,NSMW 7953,,2,Elective,[],[],False
NURS 1110,NURS 1110,,3,Elective,[],[],False
NURS 1112,NURS 1112,,3,Elective,[],[],False
NURS 2272C,NURS 2272C,,0,Elective,[],[],False
NURS 2272,NURS 2272,,4,Elective,[],[],False
NURS 2303,NURS 2303,,3,Elective,[],[],False
NURS 3301,NURS 3301,,3,Elective,[],[],False
NURS 3305C,NURS 3305C,,0,Elective,[],[],False
NURS 3305,NURS 3305,,4,Elective,[],[],False
NURS 3307L,NURS 3307L,,0,Elective,[],[],False
NURS 3307,NURS 3307,,4,Elective,[],[],False
NURS 3310,NURS 3310,,3,Elective,[],[],False
NURS 3312C,NURS 3312C,,0,Elective,[],[],False
NURS 3312,NURS 3312,,0,Elective,[],[],False
NURS 3314C,NURS 3314C,,0,Elective,[],[],False
NURS 3314,NURS 3314,,4,Elective,[],[],False
NURS 4321,NURS 4321,,3,Elective,[],[],False
NURS 4323C,NURS 4323C,,0,Elective,[],[],False
NURS 4323,NURS 4323,,4,Elective,[],[],False
NURS 4325C,NURS 4325C,,0,Elective,[],[],False
NURS 4325,NURS 4325,,0,Elective,[],[],False
NURS 4330C,NURS 4330C,,0,Elective,[],[],False
NURS 4330,NURS 4330,,4,Elective,[],[],False
NURS 4365,NURS 4365,,3,Elective,[],[],False
NURS 5305C,NURS 5305C,,0,Elective,[],[],False
NURS 5305,NURS 5305,,4,Elective,[],[],False
NURS 5312C,NURS 5312C,,0,Elective,[],[],False
NURS 5312,NURS 5312,,0,Elective,[],[],False
NURS 6521,NURS 6521,,3,Elective,[],[],False
NURS 7601,NURS 7601,,3,Elective,[],[],False
NURS 7604,NURS 7604,,4,Elective,[],[],False
NURS 7605,NURS 7605,,3,Elective,[],[],False
NURS 7608,NURS 7608,,3,Elective,[],[],False
NURS 7609,NURS 7609,,1,Elective,[],[],False
NURS 7610,NURS 7610,,3,Elective,[],[],False
NURS 7611,NURS 7611,,3,Elective,[],[],False
NURS 7613,NURS 7613,,3,Elective,[],[],False
NURS 7614,NURS 7614,,3,Elective,[],[],False
NURS 7620,NURS 7620,,3,Elective,[],[],False
NURS 7640,NURS 7640,,4,Elective,[],[],False
NURS 7641,NURS 7641,,3,Elective,[],[],False
NURS 7642,NURS 7642,,3,Elective,[],[],False
NURS 7645,NURS 7645,,3,Elective,[],[],False
NURS 7650,NURS 7650,,3,Elective,[],[],False
NURS 7651,NURS 7651,,2,Elective,[],[],False
NURS 7661,NURS 7661,,2,Elective,[],[],False
NURS 7668,NURS 7668,,3,Elective,[],[],False
NURS 7687,NURS 7687,,0,Elective,[],[],False
NURS 7697,NURS 7697,,1,Elective,[],[],False
NURS 7699,NURS 7699,,1,Elective,[],[],False
NURS 7952,NURS 7952,,4,Elective,[],[],False
NURS 7955,NURS 7955,,5,Elective,[],[],False
NUTR 7015,NUTR 7015,,3,Elective,[],[],False
NUTR 7020,NUTR 7020,,3,Elective,[],[],False
NUTR 7045,NUTR 7045,,3,Elective,[],[],False
NUTR 7051,NUTR 7051,,3,Elective,[],[],False
NUTR 7060,NUTR 7060,,3,Elective,[],[],False
NUTR 7953,NUTR 7953,,0,Elective,[],[],False
NUTR 7961,NUTR 7961,,1,Elective,[],[],False
PHIL 1101,PHIL 1101,,3,Elective,[],[],False
PHIL 2202,PHIL 2202,,3,Elective,[],[],False
PHIL 2215,PHIL 2215,,3,Elective,[],[],False
PHIL 2217,PHIL 2217,,3,Elective,[],[],False
PHIL 2221,PHIL 2221,,3,Elective,[],[],False
PHIL 2224,PHIL 2224,,3,Elective,[],[],False
PHIL 2230,PHIL 2230,,3,Elective,[],[],False
PHIL 2242,PHIL 2242,,3,Elective,[],[],False
PHIL 2250,PHIL 2250,,3,Elective,[],[],False
PHIL 2252,PHIL 2252,,3,Elective,[],[],False
PHIL 2263,PHIL 2263,,3,Elective,[],[],False
PHIL 2264,PHIL 2264,,3,Elective,[],[],False
PHIL 2268,PHIL 2268,,3,Elective,[],[],False
PHIL 2269,PHIL 2269,,4,Elective,[],[],False
PHIL 2284,PHIL 2284,,3,Elective,[],[],False
PHIL 3300,PHIL 3300,,3,Elective,[],[],False
PHIL 3310,PHIL 3310,,3,Elective,[],[],False
PHYS 1071,PHYS 1071,,3,Elective,[],[],False
PHYS 1076,PHYS 1076,,3,Elective,[],[],False
PHYS 1089,PHYS 1089,,3,Elective,[],[],False
PHYS 1145L,PHYS 1145L,,1,Elective,[],[],False
PHYS 1145,PHYS 1145,,3,Elective,[],[],False
PHYS 1171L,PHYS 1171L,,1,Elective,[],[],False
PHYS 1171,PHYS 1171,,3,Elective,[],[],False
PHYS 2212L,PHYS 2212L,,1,Elective,[],[],False
PHYS 2212,PHYS 2212,,3,Elective,[],[],False
PHYS 2265,PHYS 2265,,3,Elective,[],[],False
PHYS 2285,PHYS 2285,,3,Elective,[],[],False
PHYS 3271,PHYS 3271,,3,Elective,[],[],False
PHYS 3386,PHYS 3386,,3,Elective,[],[],False
PHYS 4971,PHYS 4971,,0,Elective,[],[],False
PHYS 4973,PHYS 4973,,0,Elective,[],[],False
PHYS 4998,PHYS 4998,,0,Elective,[],[],False
POLI 1101,POLI 1101,,3,Elective,[],[],False
POLI 1102,POLI 1102,,3,Elective,[],[],False
POLI 1103,POLI 1103,,3,Elective,[],[],False
POLI 1104,POLI 1104,,3,Elective,[],[],False
POLI 2106,POLI 2106,,3,Elective,[],[],False
POLI 2113,POLI 2113,,3,Elective,[],[],False
POLI 2121,POLI 2121,,3,Elective,[],[],False
POLI 2252,POLI 2252,,3,Elective,[],[],False
POLI 2335,POLI 2335,,3,Elective,[],[],False
POLI 2481,POLI 2481,,3,Elective,[],[],False
POLI 3980,POLI 3980,,0,Elective,[],[],False
POLI 3997,POLI 3997,,0,Elective,[],[],False
POLI 4311,POLI 4311,,3,Elective,[],[],False
PORT 1110,PORT 1110,,3,Elective,[],[],False
PSYC 1010,PSYC 1010,,3,Elective,[],[],False
PSYC 1110,PSYC 1110,,3,Elective,[],[],False
PSYC 1220,PSYC 1220,,3,Elective,[],[],False
PSYC 1710,PSYC 1710,,3,Elective,[],[],False
PSYC 2110,PSYC 2110,,3,Elective,[],[],False
PSYC 2150,PSYC 2150,,4,Elective,[],[],False
PSYC 2160,PSYC 2160,,3,Elective,[],[],False
PSYC 2210,PSYC 2210,,3,Elective,[],[],False
PSYC 2230,PSYC 2230,,3,Elective,[],[],False
PSYC 2310,PSYC 2310,,3,Elective,[],[],False
PSYC 2360,PSYC 2360,,3,Elective,[],[],False
PSYC 2370,PSYC 2370,,3,Elective,[],[],False
PSYC 2390,PSYC 2390,,3,Elective,[],[],False
PSYC 2510,PSYC 2510,,3,Elective,[],[],False
PSYC 2520,PSYC 2520,,3,Elective,[],[],False
PSYC 2740,PSYC 2740,,3,Elective,[],[],False
PSYC 2810L,PSYC 2810L,,0,Elective,[],[],False
PSYC 2810,PSYC 2810,,4,Elective,[],[],False
PSYC 2820,PSYC 2820,,4,Elective,[],[],False
PSYC 2950,PSYC 2950,,1,Elective,[],[],False
PSYC 2955,PSYC 2955,,1,Elective,[],[],False
PSYC 3380,PSYC 3380,,3,Elective,[],[],False
PSYC 3720,PSYC 3720,,3,Elective,[],[],False
PSYC 3950,PSYC 3950,,3,Elective,[],[],False
PSYC 3955,PSYC 3955,,3,Elective,[],[],False
PSYC 3980,PSYC 3980,,3,Elective,[],[],False
PSYC 4210,PSYC 4210,,3,Elective,[],[],False
PSYC 4310,PSYC 4310,,3,Elective,[],[],False
PSYC 4320,PSYC 4320,,3,Elective,[],[],False
PSYC 4620,PSYC 4620,,3,Elective,[],[],False
PSYC 4950,PSYC 4950,,0,Elective,[],[],False
PSYC 4955,PSYC 4955,,0,Elective,[],[],False
PSYC 4981,PSYC 4981,,0,Elective,[],[],False
PSYC 5110,PSYC 5110,,3,Elective,[],[],False
PSYC 5210,PSYC 5210,,3,Elective,[],[],False
PSYC 5810,PSYC 5810,,3,Elective,[],[],False
PSYC 6260,PSYC 6260,,3,Elective,[],[],False
PSYC 6310,PSYC 6310,,3,Elective,[],[],False
PSYC 6410,PSYC 6410,,3,Elective,[],[],False
PSYG 5430,PSYG 5430,,3,Elective,[],[],False
PSYG 5434,PSYG 5434,,3,Elective,[],[],False
PSYG 5446,PSYG 5446,,3,Elective,[],[],False
PSYG 5448,PSYG 5448,,3,Elective,[],[],False
PSYG 6538,PSYG 6538,,3,Elective,[],[],False
PSYG 6540,PSYG 6540,,3,Elective,[],[],False
PSYG 6548,PSYG 6548,,3,Elective,[],[],False
PSYG 6981P,PSYG 6981P,,3,Elective,[],[],False
PSYG 6981,PSYG 6981,,3,Elective,[],[],False
PUAD 5405,PUAD 5405,,3,Elective,[],[],False
PUAD 5415,PUAD 5415,,3,Elective,[],[],False
PUAD 5420,PUAD 5420,,3,Elective,[],[],False
PUAD 5435,PUAD 5435,,3,Elective,[],[],False
PUBH 1101,PUBH 1101,,3,Elective,[],[],False
PUBH 2201,PUBH 2201,,3,Elective,[],[],False
PUBH 2216,PUBH 2216,,3,Elective,[],[],False
PUBH 3303,PUBH 3303,,3,Elective,[],[],False
PUBH 4305,PUBH 4305,,3,Elective,[],[],False
PUBH 5101,PUBH 5101,,3,Elective,[],[],False
PUBH 5201,PUBH 5201,,3,Elective,[],[],False
PUBH 6961,PUBH 6961,,3,Elective,[],[],False
PUBH 6962,PUBH 6962,,3,Elective,[],[],False
RLDV 5486,RLDV 5486,,3,Elective,[],[],False
RLDV 5583,RLDV 5583,,3,Elective,[],[],False
RLST 1001,RLST 1001,,3,Elective,[],[],False
RLST 1004,RLST 1004,,3,Elective,[],[],False
RLST 1201,RLST 1201,,3,Elective,[],[],False
RLST 1203,RLST 1203,,3,Elective,[],[],False
RLST 1211,RLST 1211,,3,Elective,[],[],False
RLST 1270,RLST 1270,,3,Elective,[],[],False
RLST 1402,RLST 1402,,3,Elective,[],[],False
RLST 1601,RLST 1601,,3,Elective,[],[],False
RLST 1667,RLST 1667,,3,Elective,[],[],False
RLST 1701,RLST 1701,,3,Elective,[],[],False
RLST 1802,RLST 1802,,3,Elective,[],[],False
RLST 2115,RLST 2115,,3,Elective,[],[],False
RLST 2209,RLST 2209,,3,Elective,[],[],False
RLST 2221,RLST 2221,,3,Elective,[],[],False
RLST 2441,RLST 2441,,3,Elective,[],[],False
RLST 2544,RLST 2544,,3,Elective,[],[],False
RLST 2551,RLST 2551,,3,Elective,[],[],False
RLST 2557,RLST 2557,,3,Elective,[],[],False
RLST 2665,RLST 2665,,3,Elective,[],[],False
RLST 2669,RLST 2669,,3,Elective,[],[],False
RLST 2795,RLST 2795,,3,Elective,[],[],False
RLST 2880,RLST 2880,,3,Elective,[],[],False
RUSN 1110,RUSN 1110,,3,Elective,[],[],False
RUSN 2210,RUSN 2210,,3,Elective,[],[],False
SART 1011,SART 1011,,3,Elective,[],[],False
SART 1012,SART 1012,,3,Elective,[],[],False
SART 1013,SART 1013,,3,Elective,[],[],False
SART 1101,SART 1101,,3,Elective,[],[],False
SART 1105,SART 1105,,3,Elective,[],[],False
SART 1134,SART 1134,,3,Elective,[],[],False
SART 1136,SART 1136,,3,Elective,[],[],False
SART 1138,SART 1138,,3,Elective,[],[],False
SART 1140,SART 1140,,3,Elective,[],[],False
SART 3980,SART 3980,,0,Elective,[],[],False
SART 3990,SART 3990,,0,Elective,[],[],False
SOCI 1100,SOCI 1100,,3,Elective,[],[],False
SOCI 1115,SOCI 1115,,3,Elective,[],[],False
SOCI 1135,SOCI 1135,,3,Elective,[],[],False
SOCI 1140,SOCI 1140,,3,Elective,[],[],False
SOCI 2100,SOCI 2100,,3,Elective,[],[],False
SOCI 2110,SOCI 2110,,3,Elective,[],[],False
SOCI 2200,SOCI 2200,,3,Elective,[],[],False
SOCI 2210,SOCI 2210,,3,Elective,[],[],False
SOCI 3610,SOCI 3610,,4,Elective,[],[],False
SOCI 3700,SOCI 3700,,3,Elective,[],[],False
SOCI 4980,SOCI 4980,,3,Elective,[],[],False
SPAN 1110,SPAN 1110,,3,Elective,[],[],False
SPAN 1111,SPAN 1111,,3,Elective,[],[],False
SPAN 2210,SPAN 2210,,3,Elective,[],[],False
SPAN 2211,SPAN 2211,,3,Elective,[],[],False
SPAN 2220,SPAN 2220,,3,Elective,[],[],False
SPAN 3231N,SPAN 3231N,,3,Elective,[],[],False
SPAN 3245,SPAN 3245,,3,Elective,[],[],False
SPAN 3251,SPAN 3251,,3,Elective,[],[],False
SPAN 3253,SPAN 3253,,3,Elective,[],[],False
SPAN 4360,SPAN 4360,,3,Elective,[],[],False
SPAN 4999,SPAN 4999,,3,Elective,[],[],False
SPED 1010,SPED 1010,,0,Elective,[],[],False
SPED 4410,SPED 4410,,3,Elective,[],[],False
SPED 4413,SPED 4413,,3,Elective,[],[],False
SPED 4419,SPED 4419,,3,Elective,[],[],False
SPED 4432,SPED 4432,,3,Elective,[],[],False
SPED 4486,SPED 4486,,3,Elective,[],[],False
SPED 4534,SPED 4534,,3,Elective,[],[],False
SPED 4565,SPED 4565,,3,Elective,[],[],False
SPED 5403,SPED 5403,,3,Elective,[],[],False
SPED 5410,SPED 5410,,3,Elective,[],[],False
SPED 5413,SPED 5413,,3,Elective,[],[],False
SPED 5419,SPED 5419,,3,Elective,[],[],False
SPED 5432,SPED 5432,,3,Elective,[],[],False
SPED 5486,SPED 5486,,3,Elective,[],[],False
SPED 6534,SPED 6534,,3,Elective,[],[],False
SPED 6565,SPED 6565,,3,Elective,[],[],False
SPED 6951,SPED 6951,,3,Elective,[],[],False
SPED 6952,SPED 6952,,3,Elective,[],[],False
SPED 6953,SPED 6953,,0,Elective,[],[],False
SPED 6954,SPED 6954,,3,Elective,[],[],False
SPED 6999,SPED 6999,,0,Elective,[],[],False
STAT 2218,STAT 2218,,3,Elective,[],[],False
SWEG 3301,SWEG 3301,,3,Elective,[],[],False
SWEG 4505,SWEG 4505,,3,Elective,[],[],False
SWEG 4599,SWEG 4599,,3,Elective,[],[],False
SWEG 4990,SWEG 4990,,0,Elective,[],[],False
SWEG 5301,SWEG 5301,,3,Elective,[],[],False
SWEG 5350,SWEG 5350,,3,Elective,[],[],False
SWEG 5355,SWEG 5355,,3,Elective,[],[],False
SWEG 5357,SWEG 5357,,3,Elective,[],[],False
SWEG 5360,SWEG 5360,,3,Elective,[],[],False
SWEG 5417,SWEG 5417,,3,Elective,[],[],False
SWEG 5420,SWEG 5420,,3,Elective,[],[],False
SWEG 5427,SWEG 5427,,3,Elective,[],[],False
SWEG 5530,SWEG 5530,,3,Elective,[],[],False
SWEG 5990,SWEG 5990,,3,Elective,[],[],False
SWEG 6461,SWEG 6461,,3,Elective,[],[],False
SWEG 6505,SWEG 6505,,3,Elective,[],[],False
SWEG 6518,SWEG 6518,,3,Elective,[],[],False
SWEG 6599,SWEG 6599,,3,Elective,[],[],False
SWEG 6961,SWEG 6961,,3,Elective,[],[],False
SWEG 6971,SWEG 6971,,3,Elective,[],[],False
SWEG 6972,SWEG 6972,,3,Elective,[],[],False
SWRG 5433,SWRG 5433,,3,Elective,[],[],False
SWRG 5533,SWRG 5533,,3,Elective,[],[],False
SWRG 5551,SWRG 5551,,3,Elective,[],[],False
SWRG 5553,SWRG 5553,,3,Elective,[],[],False
SWRG 5561,SWRG 5561,,3,Elective,[],[],False
SWRG 6450,SWRG 6450,,3,Elective,[],[],False
SWRG 6563,SWRG 6563,,3,Elective,[],[],False
SWRG 6568,SWRG 6568,,3,Elective,[],[],False
SWRG 6569,SWRG 6569,,3,Elective,[],[],False
SWRG 6581,SWRG 6581,,3,Elective,[],[],False
SWRK 1101,SWRK 1101,,2,Elective,[],[],False
SWRK 2400,SWRK 2400,,3,Elective,[],[],False
SWRK 3301,SWRK 3301,,3,Elective,[],[],False
SWRK 3303,SWRK 3303,,4,Elective,[],[],False
SWRK 4305,SWRK 4305,,3,Elective,[],[],False
SWRK 4307,SWRK 4307,,3,Elective,[],[],False
SWRK 4951,SWRK 4951,,4,Elective,[],[],False
TAXN 6515,TAXN 6515,,3,Elective,[],[],False
TAXN 6970,TAXN 6970,,3,Elective,[],[],False
THTR 1011,THTR 1011,,3,Elective,[],[],False
THTR 1030,THTR 1030,,3,Elective,[],[],False
THTR 1111,THTR 1111,,3,Elective,[],[],False
THTR 1137,THTR 1137,,3,Elective,[],[],False
THTR 1150,THTR 1150,,3,Elective,[],[],False
THTR 1951,THTR 1951,,0,Elective,[],[],False
THTR 2250,THTR 2250,,3,Elective,[],[],False
THTR 3240,THTR 3240,,3,Elective,[],[],False
THTR 3980,THTR 3980,,0,Elective,[],[],False
THTR 3990,THTR 3990,,0,Elective,[],[],False
THTR 4999,THTR 4999,,3,Elective,[],[],False
TSLA 5419,TSLA 5419,,3,Elective,[],[],False
TSLA 5420,TSLA 5420,,3,Elective,[],[],False
TSLA 6451,TSLA 6451,,3,Elective,[],[],False
TSLA 6582,TSLA 6582,,3,Elective,[],[],False
TSLA 6588,TSLA 6588,,3,Elective,[],[],False
TSLA 6589,TSLA 6589,,3,Elective,[],[],False
TSLA 6999A,TSLA 6999A,,3,Elective,[],[],False
WGSS 3980,WGSS 3980,,3,Elective,[],[],False
EDUC 4497,EDUC 4497,,3,Elective,[],[],False
ACCT 3255,ACCT 3255,,3,Elective,[],[],False
AMED 2005,AMED 2005,,3,Elective,[],[],False
ENGL 4900,ENGL 4900,,3,Elective,[],[],False
HLST 3900C,HLST 3900C,,3,Elective,[],[],False
MGMT 4900,MGMT 4900,,3,Elective,[],[],False
PHIL 2900,PHIL 2900,,3,Elective,[],[],False
PSYC 2900,PSYC 2900,,3,Elective,[],[],False
RLST 1003,RLST 1003,,3,Elective,[],[],False
RLST 2556,RLST 2556,,3,Elective,[],[],False
SWEG 5335,SWEG 5335,,3,Elective,[],[],False
PSYC 1740,PSYC 1740,,3,Elective,[],[],False
HCAD 6951,HCAD 6951,,3,Elective,[],[],False
AHST 1172,AHST 1172,,3,Elective,[],[],False
SPAN 3286,SPAN 3286,,3,Elective,[],[],False
ACCT 6575,ACCT 6575,,3,Elective,[],[],False
COMM 5322,COMM 5322,,3,Elective,[],[],False
MFTH 6971,MFTH 6971,,3,Elective,[],[],False
MKTG 2271,MKTG 2271,,0,Elective,[],[],False
ECON 3215,ECON 3215,,3,Elective,[],[],False
DATA 4000,DATA 4000,,0,Elective,[],[],False
HIST 2202,HIST 2202,,3,Elective,[],[],False
IDSN 5421,IDSN 5421,,2,Elective,[],[],False
BIEG 5331,BIEG 5331,,3,Elective,[],[],False
MKTG 6530,MKTG 6530,,3,Elective,[],[],False
NSAN 7959,NSAN 7959,,4,Elective,[],[],False
MFTH 6972,MFTH 6972,,0,Elective,[],[],False
MFTH 6973,MFTH 6973,,0,Elective,[],[],False
COMM 2242,COMM 2242,,3,Elective,[],[],False
TSLA 6951,TSLA 6951,,3,Elective,[],[],False
EVST 4001,EVST 4001,,3,Elective,[],[],False
COUN 6560,COUN 6560,,0,Elective,[],[],False
EDLV 0000,EDLV 0000,,0,Elective,[],[],False
BUSN 7740,BUSN 7740,,3,Elective,[],[],False
RLST 1002,RLST 1002,,3,Elective,[],[],False
ENGL 4990,ENGL 4990,,0,Elective,[],[],False
ENGL 4960,ENGL 4960,,3,Elective,[],[],False
FYEX 1999,FYEX 1999,,0,Elective,[],[],False
PUBH 7002,PUBH 7002,,3,Elective,[],[],False
PUBH 7009,PUBH 7009,,3,Elective,[],[],False
PUBH 7901,PUBH 7901,,0,Elective,[],[],False
CHEM 1083,CHEM 1083,,3,Elective,[],[],False
COMM 5980,COMM 5980,,3,Elective,[],[],False
FYEX 2000,FYEX 2000,,0,Elective,[],[],False
ITLN 3990,ITLN 3990,,3,Elective,[],[],False
EDUC 5900,EDUC 5900,,0,Elective,[],[],False
SOCI 4990,SOCI 4990,,0,Elective,[],[],False
BIOL 4990,BIOL 4990,,0,Elective,[],[],False
TAXN 6585,TAXN 6585,,3,Elective,[],[],False
DATA 6990,DATA 6990,,3,Elective,[],[],False
TAXN 6575,TAXN 6575,,3,Elective,[],[],False
ACCT 5400,ACCT 5400,,3,Elective,[],[],False
EDUC 6593,EDUC 6593,,3,Elective,[],[],False
HUAC 3980,HUAC 3980,,3,Elective,[],[],False
BUSN 2500,BUSN 2500,,0,Elective,[],[],False
EDUC 6990,EDUC 6990,,3,Elective,[],[],False
ENGR 5990,ENGR 5990,,0,Elective,[],[],False
PSYC 6999,PSYC 6999,,0,Elective,[],[],False
ASST 3990,ASST 3990,,0,Elective,[],[],False
PHYS 4975,PHYS 4975,,0,Elective,[],[],False
PUBH 3990,PUBH 3990,,0,Elective,[],[],False
INTL 3980,INTL 3980,,0,Elective,[],[],False
MKTG 4990,MKTG 4990,,0,Elective,[],[],False
